{"learner":{"attributes":{"scikit_learn":"{\"_estimator_type\": \"classifier\"}"},"feature_names":["Height","PLT","ALT","HDL","TC"],"feature_types":["float","float","float","float","float"],"gradient_booster":{"model":{"gbtree_model_param":{"num_parallel_tree":"1","num_trees":"20"},"iteration_indptr":[0,1,2,3,4,5,6,7,8,9,10,11,12,13,14,15,16,17,18,19,20],"tree_info":[0,0,0,0,0,0,0,0,0,0,0,0,0,0,0,0,0,0,0,0],"trees":[{"base_weights":[2.061082E-1,7.3664415E-1,-4.040116E-1,2.4868488E-1,3.6286867E-1,-1.24873854E-1,5.229487E-2,-2.9920757E-2,1.9955061E-1],"categories":[],"categories_nodes":[],"categories_segments":[],"categories_sizes":[],"default_left":[0,0,0,0,0,0,0,0,0],"id":0,"left_children":[1,3,5,-1,7,-1,-1,-1,-1],"loss_changes":[3.5744994E0,6.415968E-1,9.4845307E-1,0E0,1.688988E0,0E0,0E0,0E0,0E0],"parents":[2147483647,0,0,1,1,2,2,4,4],"right_children":[2,4,6,-1,8,-1,-1,-1,-1],"split_conditions":[1.19110085E-1,-1.3530592E0,1.4650934E0,2.4868488E-1,-3.8563365E-1,-1.24873854E-1,5.229487E-2,-2.9920757E-2,1.9955061E-1],"split_indices":[0,0,0,0,0,0,0,0,0],"split_type":[0,0,0,0,0,0,0,0,0],"sum_hessian":[9.123518E0,4.7691116E0,4.3544064E0,1.0367634E0,3.7323482E0,3.317643E0,1.0367634E0,2.4882321E0,1.2441161E0],"tree_param":{"num_deleted":"0","num_feature":"5","num_nodes":"9","size_leaf_vector":"1"}},{"base_weights":[-3.4988543E-1,-5.6016195E-1,1.3956039E-1,-2.2444391E-1,-1.9983456E-1,-6.502812E-2,-4.2371573E-3],"categories":[],"categories_nodes":[],"categories_segments":[],"categories_sizes":[],"default_left":[0,0,0,0,0,0,0],"id":1,"left_children":[1,3,-1,5,-1,-1,-1],"loss_changes":[2.5293007E0,1.0489681E0,0E0,1.1970323E-1,0E0,0E0,0E0],"parents":[2147483647,0,0,1,1,3,3],"right_children":[2,4,-1,6,-1,-1,-1],"split_conditions":[2.7920696E-1,-4.9097344E-2,1.3956039E-1,-2.6796687E-1,-1.9983456E-1,-6.502812E-2,-4.2371573E-3],"split_indices":[2,2,0,2,0,0,0],"split_type":[0,0,0,0,0,0,0],"sum_hessian":[8.70667E0,7.6388464E0,1.0678232E0,5.1850276E0,2.4538188E0,3.0662997E0,2.118728E0],"tree_param":{"num_deleted":"0","num_feature":"5","num_nodes":"7","size_leaf_vector":"1"}},{"base_weights":[3.9017713E-1,1.8601091E-1,1.587182E-1,-1.569866E-1,4.4585866E-1,1.3724825E-1,-3.0123562E-2],"categories":[],"categories_nodes":[],"categories_segments":[],"categories_sizes":[],"default_left":[0,0,0,0,0,0,0],"id":2,"left_children":[1,-1,3,-1,5,-1,-1],"loss_changes":[1.0629601E0,0E0,2.513987E0,0E0,1.0727689E0,0E0,0E0],"parents":[2147483647,0,0,2,2,4,4],"right_children":[2,-1,4,-1,6,-1,-1],"split_conditions":[-7.149357E-1,1.8601091E-1,-3.5304505E-1,-1.569866E-1,8.996535E-1,1.3724825E-1,-3.0123562E-2],"split_indices":[3,0,3,0,3,0,0],"split_type":[0,0,0,0,0,0,0],"sum_hessian":[8.687757E0,1.7012852E0,6.9864717E0,1.2254764E0,5.7609954E0,3.9989214E0,1.7620739E0],"tree_param":{"num_deleted":"0","num_feature":"5","num_nodes":"7","size_leaf_vector":"1"}},{"base_weights":[-1.8371518E-1,-6.724389E-1,6.2787753E-1,-1.822771E-1,-2.1220934E-1,2.4527751E-1,-4.134096E-2,-8.2754545E-2,5.782346E-2],"categories":[],"categories_nodes":[],"categories_segments":[],"categories_sizes":[],"default_left":[0,0,0,0,0,0,0,0,0],"id":3,"left_children":[1,3,5,7,-1,-1,-1,-1,-1],"loss_changes":[4.590176E0,1.1478608E0,2.4845872E0,5.911929E-1,0E0,0E0,0E0,0E0,0E0],"parents":[2147483647,0,0,1,1,2,2,3,3],"right_children":[2,4,6,8,-1,-1,-1,-1,-1],"split_conditions":[2.241099E-1,-4.9142158E-1,1.0163054E0,-7.725232E-1,-2.1220934E-1,2.4527751E-1,-4.134096E-2,-8.2754545E-2,5.782346E-2],"split_indices":[1,1,1,1,0,0,0,0,0],"split_type":[0,0,0,0,0,0,0,0,0],"sum_hessian":[9.508064E0,6.0414753E0,3.466589E0,3.321291E0,2.7201843E0,1.7454207E0,1.7211683E0,2.3094077E0,1.0118831E0],"tree_param":{"num_deleted":"0","num_feature":"5","num_nodes":"9","size_leaf_vector":"1"}},{"base_weights":[1.886572E-2,2.5424686E-1,-1.6378035E-1,-3.8406614E-2,2.2395657E-1,5.6364745E-2,-9.232872E-2],"categories":[],"categories_nodes":[],"categories_segments":[],"categories_sizes":[],"default_left":[0,0,0,0,0,0,0],"id":4,"left_children":[1,3,-1,5,-1,-1,-1],"loss_changes":[2.1423678E0,2.175846E0,0E0,1.1139877E0,0E0,0E0,0E0],"parents":[2147483647,0,0,1,1,3,3],"right_children":[2,4,-1,6,-1,-1,-1],"split_conditions":[1.2058687E0,4.5424956E-1,-1.6378035E-1,-2.1385632E-1,2.2395657E-1,5.6364745E-2,-9.232872E-2],"split_indices":[3,3,0,3,0,0,0],"split_type":[0,0,0,0,0,0,0],"sum_hessian":[8.808402E0,7.4201403E0,1.3882618E0,6.2593627E0,1.1607777E0,3.7535033E0,2.5058594E0],"tree_param":{"num_deleted":"0","num_feature":"5","num_nodes":"7","size_leaf_vector":"1"}},{"base_weights":[4.2321652E-1,-3.354498E-1,9.987973E-1,-6.1582226E-2,-1.1516187E-1,2.7356294E-1,5.5565125E-1,-4.5748644E-2,3.7078798E-2,2.1865955E-2,2.0837803E-1],"categories":[],"categories_nodes":[],"categories_segments":[],"categories_sizes":[],"default_left":[0,0,0,0,0,0,0,0,0,0,0],"id":5,"left_children":[1,3,5,7,-1,-1,9,-1,-1,-1,-1],"loss_changes":[5.2384195E0,3.326844E-1,3.2519484E-1,1.9655909E-1,0E0,0E0,9.059595E-1,0E0,0E0,0E0,0E0],"parents":[2147483647,0,0,1,1,2,2,3,3,6,6],"right_children":[2,4,6,8,-1,-1,10,-1,-1,-1,-1],"split_conditions":[-1.807658E-2,-4.7399375E-1,5.4836595E-1,-7.779385E-1,-1.1516187E-1,2.7356294E-1,1.1838869E0,-4.5748644E-2,3.7078798E-2,2.1865955E-2,2.0837803E-1],"split_indices":[4,4,4,4,0,0,4,0,0,0,0],"split_type":[0,0,0,0,0,0,0,0,0,0,0],"sum_hessian":[1.0228915E1,4.5926256E0,5.636289E0,2.7338564E0,1.8587692E0,1.9368399E0,3.6994493E0,1.6743981E0,1.0594584E0,2.5675387E0,1.1319106E0],"tree_param":{"num_deleted":"0","num_feature":"5","num_nodes":"11","size_leaf_vector":"1"}},{"base_weights":[-2.278656E-1,-5.733312E-1,3.496048E-1,1.8863065E-2,-1.5110357E-1,7.717401E-3,1.254663E-1],"categories":[],"categories_nodes":[],"categories_segments":[],"categories_sizes":[],"default_left":[0,0,0,0,0,0,0],"id":6,"left_children":[1,3,5,-1,-1,-1,-1],"loss_changes":[2.0625257E0,8.277056E-1,3.3123899E-1,0E0,0E0,0E0,0E0],"parents":[2147483647,0,0,1,1,2,2],"right_children":[2,4,6,-1,-1,-1,-1],"split_conditions":[3.9639357E-1,-9.299109E-1,9.766518E-1,1.8863065E-2,-1.5110357E-1,7.717401E-3,1.254663E-1],"split_indices":[4,4,4,0,0,0,0],"split_type":[0,0,0,0,0,0,0],"sum_hessian":[8.333946E0,5.2189393E0,3.1150074E0,1.222231E0,3.9967082E0,2.0067015E0,1.1083059E0],"tree_param":{"num_deleted":"0","num_feature":"5","num_nodes":"7","size_leaf_vector":"1"}},{"base_weights":[1.04465276E-1,3.3263546E-1,-3.082276E-1,-1.189142E-1,3.927054E-2],"categories":[],"categories_nodes":[],"categories_segments":[],"categories_sizes":[],"default_left":[0,0,0,0,0],"id":7,"left_children":[1,-1,3,-1,-1],"loss_changes":[7.1670117E0,0E0,1.4203789E0,0E0,0E0],"parents":[2147483647,0,0,2,2],"right_children":[2,-1,4,-1,-1],"split_conditions":[-1.3530592E0,3.3263546E-1,4.9766788E-1,-1.189142E-1,3.927054E-2],"split_indices":[0,0,0,0,0],"split_type":[0,0,0,0,0],"sum_hessian":[9.344616E0,1.3218858E0,8.02273E0,5.0044284E0,3.0183022E0],"tree_param":{"num_deleted":"0","num_feature":"5","num_nodes":"5","size_leaf_vector":"1"}},{"base_weights":[1.1378562E-1,1.05016224E-1,-2.2696614E-1,-5.6712705E-1,1.5773582E-1,9.26965E-3,-1.7038068E-1,1.4077388E-1,-5.5085875E-2],"categories":[],"categories_nodes":[],"categories_segments":[],"categories_sizes":[],"default_left":[0,0,0,0,0,0,0,0,0],"id":8,"left_children":[1,-1,3,5,7,-1,-1,-1,-1],"loss_changes":[1.6759923E0,0E0,9.75816E-1,7.055168E-1,1.1308919E0,0E0,0E0,0E0,0E0],"parents":[2147483647,0,0,2,2,3,3,4,4],"right_children":[2,-1,4,6,8,-1,-1,-1,-1],"split_conditions":[-1.5853211E-1,1.05016224E-1,4.6658076E-2,-4.9097344E-2,1.1505481E-1,9.26965E-3,-1.7038068E-1,1.4077388E-1,-5.5085875E-2],"split_indices":[2,0,2,2,2,0,0,0,0],"split_type":[0,0,0,0,0,0,0,0,0],"sum_hessian":[1.0108244E1,4.3349304E0,5.7733135E0,2.8123662E0,2.9609475E0,1.1570513E0,1.6553149E0,1.033265E0,1.9276824E0],"tree_param":{"num_deleted":"0","num_feature":"5","num_nodes":"9","size_leaf_vector":"1"}},{"base_weights":[-1.2157702E-1,2.0532684E-1,-4.221077E-1,-9.002296E-2,-1.598222E-1,-1.478962E-1,1.251646E-1],"categories":[],